AAMERT;SRV.DS;;;;CBK;marketing
AB3CTG;SRV.DS;;;;CBK;Infraestructuras
ACCPR1;SRV.MS;;;;CBK;PteDefinir
ACCPR2;ARQ.MIA;;;;CBK;idea
ACCREC;SRV.DS;;;;CBK;CREDITINFRASTRUCTURES
ACHFUL;SRV.DS;;;;CBK;Payments
ACHFulfillment;CA.APP;;;;CBK;Payments
ACHFulfillment;SRV.MS;;;;CBK;Payments
ACHFulfillmentCBI;SRV.MS;;;;CBK;PAYMENTS
ACINCO;SRV.DS;;;;CBK;Regulation
ADAPTERCHATBOTS;SRV.MS;;;;CBK;Infraestructuras
ADMACT;SRV.DS;;;;CBK;productDirectory
ADMINFRONT;CA.APP;;;;CBK;infraestructuranotificaciones
ADPADP;SRV.DS;;;;CBK;DatosEmpleado
ADPBDD;SRV.DS;;;;CORP;apiManager
ADPFrontend;CA.APP;;;;CORP;apiManager
ADPManagement;SRV.MS;;;;CORP;apiManager
ADSDAT;SRV.DS;;;;CBK;tests
ADSMIC;SRV.MS;;;;CBK;tests
ADSSPA;CA.APP;;;;CBK;tests
AGEJUR;SRV.DS;;;;CBK;ExternalAgency
AGENFI;SRV.DS;;;;CBK;EXTERNALAGENCY
AGRFIN;SRV.DS;;;;CBK;AccountingServices
AGSEGU;SRV.DS;;;;CORP;AGS
AGSEGU;SRV.LIB;;;;CBK;ITMANAGEMENT
AIAprovementHealthChecking;CA.APP;;;;CBK;ITManagement
AIC;CA.APP;;;;CBK;Regulation
ALEFIN;SRV.DS;;;;CBK;distribution
ALFALF;SRV.DS;;;;CBK;Party
ALFBAS;SRV.DS;;;;CBK;Servicing
ALFCPS;SRV.DS;;;;CBK;CustomerManagement
ALFGES;SRV.DS;;;;CBK;PartyAuthentication
ALMTSTALMTST;SRV.MS;;;;CBK;ALMTSTALMTST
AMLINT;SRV.DS;;;;CBK;regularityCompliance
AMLINTGestionListas;CA.APP;;;;CBK;regularityCompliance
ANTATR;SRV.DS;;;;CBK;servicing
ANTGEC;SRV.DS;;;;CBK;legalCompliance
ANTPRE;SRV.DS;;;;CBK;legalCompliance
ANTPRM;SRV.DS;;;;CBK;legalCompliance
APIAPI;SRV.DS;;;;CBK;RealEstatePromotion
APIBCK;SRV.DS;;;;CBK;RealEstatePromotion
APICirbe;SRV.MS;;;;CBK;InformationProviderAdministration
APLAMA;SRV.DS;;;;CBK;RegulationCompliance
APPCBKBIO_DASNANO;CA.WID;;;;CBK;CROSSCHANNEL
APPCBKBIO_SPADASNANO;CA.APP;;;;CBK;CROSSCHANNEL
APPCOG;SRV.DS;;;;CBK;ServicingActivityAnalysis
APPROV;SRV.DS;;;;CBK;tech
ARCCHN;SRV.DS;;;;CBK;ITMANAGEMENT
ARCMON;SRV.DS;;;;CBK;ITManagement
ARCOPM;SRV.DS;;;;CBK;ITManagement
ARGLOG;SRV.MS;;;;CBK;ITMANAGEMENT
ARQTIQ;ARQ.MIA;;;;CBK;Architecture
ASSETAdmission;SRV.MS;;;;CBK;Sales
ASVENT;SRV.DS;;;;CBK;crossChannel
ATAADM;CA.APP;;;;CORP;ata
ATASRV;SRV.DS;;;;CORP;ata
ATMMassiveTransfer;CA.APP;;;;CBK;ITMANAGEMENT
ATMNetworkOperationsConfigManagement;CA.APP;;;;CBK;ATMNetworkOperations
ATMNetworkOperationsConfigMngment;CA.APP;;;;CBK;ATM
AUTFAC;SRV.DS;;;;CORP;externalAgency
AVIAVI;SRV.DS;;;;CBK;CrossChannel
Absis3Impl;SRV.MS;;;;CBK;DOMINIOTST
AccountRecovery;SRV.MS;;;;CBK;CREDITINFRASTRUCTURES
AcortadorEnlacesURL;CA.APP;;;;CBK;distribution
AlertasFinanc;SRV.MS;;;;CBK;distribution
AlertasFinancManagePush;SRV.MS;;;;CBK;distribution
AlertasFinancManageSend;SRV.MS;;;;CBK;distribution
AlertasOficina;CA.APP;;;;CBK;ChannelSpecific
Approvals;ARQ.MAP;;;;CBK;security/approvals
Approvals;ARQ.MIA;;;;CORP;security/approvals
ApprovalsManager;SRV.MS;;;;CBK;CrossChannel
ArchApiManagementLifecycle;SRV.MS;;;;CBK;ITMANAGEMENT
ArchDemoDummy;CA.APP;;;;CBK;ITManagement
ArchDemoDummy;CA.WID;;;;CBK;ITMANAGEMENT
ArchDemoDummy;SRV.MS;;;;CBK;ITManagement
ArchitectureAppCommonProps;SRV.CFG;;;;CBK;Architecture
ArchitectureChannelTicket;SRV.MS;;;;CBK;ITMANAGEMENT
ArchitectureCloudSync;SRV.MS;;;;CORP;Arquitectura
ArchitectureLifecycleManagement;SRV.MS;;;;CBK;ITMANAGEMENT
ArchitectureMonitoring;SRV.MS;;;;CBK;ITManagement
ArchitectureOpenBPM;SRV.MS;;;;CBK;ITManagement
ArchitectureOpenBPMAdmin;SRV.MS;;;;CBK;ITManagement
ArchitectureOpenBPMController;SRV.MS;;;;CBK;ITManagement
ArchitectureProductsNLI;SRV.LIB;;;;CBK;ITMANAGEMENT
ArgosDisplayer;CA.APP;;;;CBK;NONITANDNONHRENTERPRISESERVICES
Arqueo;ARQ.MAP;;;;CBK;FinancialControl
Arqueo;SRV.DS;;;;CBK;FinancialControl
AssetProductsDataAggregation;SRV.MS;;;;CBK;CREDITINFRASTRUCTURES
AssetProductsDocumentManagement;SRV.MS;;;;CBK;CREDITINFRASTRUCTURES
AssistedPeopleCertificate;CA.APP;;;;CBK;CUSTOMERSERVICES
AudioRecordings;CA.APP;;;;CBK;DocumentManagementAndArchive
AuthBiometricSelfie;CA.WID;;;;CBK;CROSSCHANNEL
AuthBiometricSelfiePreview;CA.APP;;;;CBK;CROSSCHANNEL
AutoFactura;CA.APP;;;;CORP;externalAgency
BAOFOP;SRV.DS;;;;CBK;externalAgency
BCKAUM;SRV.DS;;;;CBK;REGULATIONCOMPLIANCE
BCKGMI;SRV.DS;;;;CBK;DocumentManagementAndArchive
BCKKYC;SRV.DS;;;;CBK;FraudEvalutaion
BCKPAC;SRV.DS;;;;CBK;ITMANAGEMENT
BCKPAU;SRV.DS;;;;CBK;solutionDevelopment
BCKPAV;SRV.DS;;;;CBK;ITMANAGEMENT
BCKQBR;SRV.DS;;;;CBK;CreditPositionKeeping
BKDDSP;SRV.DS;;;;CBK;BRANCHCHANNEL
BPMAdministration;CA.APP;;;;CORP;openBPM
BPMAdministration;SRV.MS;;;;CBK;openBPM
BPMController;SRV.MS;;;;CBK;openBPM
BRLOUI;SRV.DS;;;;CBK;BranchChannel
BranchInheritanceManagement;CA.APP;;;;CBK;Servicing
BranchLocation;CA.APP;;;;CBK;BranchChannel
BranchLocationOperations;SRV.MS;;;;CBK;ChannelSpecific
BranchLocationOperationsInterHlp;SRV.MS;;;;CBK;BranchLocationOperationsInterHlp
BranchLocationOperationsUsrIntrfc;SRV.MS;;;;CBK;BranchChannel
BranchPortfolio;SRV.LIB;;;;CBK;BUSINESSANALYSIS
BranchSustainability;CA.APP;;;;CBK;SustainabilityESG
CAALMA;SRV.DS;;;;CBK;Cards
CAAUBL;SRV.DS;;;;CBK;cardAuthorization
CAAUPR;SRV.DS;;;;CBK;Cards
CACBPI;SRV.DS;;;;CBK;TARJETASYCOMERCIOS
CADEAH;SRV.DS;;;;CBK;cardDelinquentAccountHandling
CAFISE;SRV.DS;;;;CBK;CardOperations
CALLME;SRV.DS;;;;CBK;CrossChannel
CALRAR;SRV.DS;;;;CBK;contributionModels
CARAUT;SRV.DS;;;;CBK;cardAuthorization
CARCOR;SRV.DS;;;;CBK;SERVICING
CARDPRINTING;SRV.MS;;;;CBK;cardPrinting
CARGCI;SRV.DS;;;;CBK;InvestmentManagement
CARPRI;SRV.DS;;;;CBK;cardPrinting
CATCAT;SRV.DS;;;;CBK;ATM
CATEAD;SRV.DS;;;;CBK;cardTerminalAdministration
CATOPS;CA.APP;;;;CBK;devcatoperativas
CATOPS;SRV.DS;;;;CBK;catoperativas
CCDEDS;SRV.DS;;;;CBK;customerBehavioralInsights
CCDEMicroService;SRV.MS;;;;CBK;customerBehavioralInsights
CCFCCF;SRV.DS;;;;CBK;products
CCMGLI;SRV.DS;;;;CORP;MARKETING
CCSCCS;SRV.DS;;;;CBK;MARKETING
CECAHA;SRV.DS;;;;CBK;PAYMENTS
CGECGE;SRV.DS;;;;CBK;InvestmentManagement
CGFARQ;SRV.DS;;;;CBK;ITMANAGEMENT
CGFCGF;SRV.DS;;;;CBK;ITMANAGEMENT
CGNOFI;SRV.DS;;;;CBK;INFRAESTRUCTURA
CGOALE;SRV.DS;;;;CBK;ChannelSpecific
CHACHI;SRV.DS;;;;CBK;CrossChannel
CHAPER;CA.APP;;;;CBK;CHAPER
CLIMIN;SRV.DS;;;;CBK;AccountingServices
CLMALI;SRV.DS;;;;CBK;OperationalServices
CLOAUT;SRV.DS;;;;CBK;CrossChannel
CNAEManagement;CA.APP;;;;CBK;Party
CNAEManagement;SRV.MS;;;;CBK;Party
COBAOP;SRV.DS;;;;CBK;Payments
COBIPA;SRV.DS;;;;CBK;NonITAndNonHREnterpriseServices
COHCBI;SRV.DS;;;;CBK;CROSSCHANNEL
COLECT;SRV.DS;;;;CBK;CUSTOMERMANAGEMENT
COLLECTIONS;SRV.MS;;;;CBK;collections
COMINT;SRV.DS;;;;CBK;DocumentManagementAndArchive
CONHAN;SRV.DS;;;;CBK;CROSSCHANNEL
CONROU;SRV.DS;;;;CBK;contactRouting
COPSDashboard;CA.APP;;;;CBK;externalAgency
COREVE;SRV.DS;;;;CBK;corporateEvents
CORLEA;SRV.DS;;;;CBK;CorporateLease
CORRES;SRV.DS;;;;CBK;DOCUMENTMANAGEMENTANDARCHIVE
CORTRE;SRV.DS;;;;CBK;CorporateTreasury
CPCGRP;SRV.DS;;;;CORP;CustomerAccessEntitlement
CPPCPP;SRV.DS;;;;CBK;Deposits
CPRCPR;SRV.DS;;;;CBK;MODELS
CPSBPI;SRV.DS;;;;CBK;CustomerManagement
CREACC;SRV.DS;;;;CBK;creditAccount
CRMAMA;SRV.DS;;;;CBK;creditMarginManagement
CROSSCHANNEL;SRV.MS;;;;CBK;CrossChannel
CSBDSF;SRV.DS;;;;CBK;NowInSales
CTMCTM;SRV.DS;;;;CBK;BRANCHCHANNEL
CTXTDS;CA.APP;;;;CBK;CTXTDS
CTXTDS;SRV.DS;;;;CBK;CTXTDS
CUACEN;SRV.DS;;;;CBK;CustomerManagement
CUBEIN;SRV.DS;;;;CBK;CustomerManagement
CUCRRA;SRV.DS;;;;CBK;CustomerRatingCredit
CUOFDE;SRV.DS;;;;CBK;SALES
CUOFSL;SRV.DS;;;;CBK;customerOfferSalaryLoan
CUPOLI;SRV.MS;;;;CBK;ACCOUNTINGSERVICES
CUPRSE;SRV.DS;;;;CBK;CustomerManagement
CUPRSU;SRV.DS;;;;CBK;CustomerManagement
CURACC;SRV.DS;;;;CBK;currentAccount
CUREMA;SRV.DS;;;;CBK;CustomerManagement
CUSAGR;SRV.DS;;;;CBK;CustomerAgreement
CUSBEH;SRV.DS;;;;CBK;customerBehavioralInsights
CUSBIL;SRV.DS;;;;CBK;OperationalServices
CUSOFF;SRV.DS;;;;CBK;customerOffer
CUSPFL;SRV.DS;;;;CBK;CustomerManagement
CUSPOS;SRV.DS;;;;CBK;customerPosition
CUSPRO;SRV.DS;;;;CBK;CustomerManagement
CUSSUR;SRV.DS;;;;CBK;customerSurveys
CalculoDTI;SRV.LIB;;;;CBK;API
CallMeManagement;CA.APP;;;;CBK;CROSSCHANNEL
CallMeNow;CA.WID;;;;CBK;HOMEBANKING
CallMeNowPreview;CA.APP;;;;CBK;eChannels
CambioMonedaConDivisaCambios;SRV.MS;;;;CBK;currencyExchange
CampaignIOP;SRV.CFG;;;;CBK;gobierno
CampaignInsuranceNonLife;SRV.MS;;;;CBK;Campaign
CancellationNonLifeInsuance;SRV.MS;;;;CBK;Cancellation
CardAlertManagement;SRV.MS;;;;CBK;Cards
CardAuthoritationMonitor;SRV.LIB;;;;CBK;CardAuthoritation
CardAuthorizationPreconfRefund;SRV.MS;;;;CBK;Cards
CardFraudRules;CA.APP;;;;CBK;CARDS
CardInserter;CA.APP;;;;CBK;SERVICING
CardMovementsManagement;CA.APP;;;;CBK;CARDS
CardNetworkParticipantFacility;SRV.MS;;;;CBK;CardNetworkParticipantFacility
CardOperations;CA.APP;;;;CBK;echannels
CardOwnershipAndMovementsCertif;CA.APP;;;;CBK;CONSUMERSERVICES
CardOwnershipCertificate;CA.APP;;;;CBK;CONSUMERSERVICES
CardRenewal;CA.APP;;;;CBK;ECHANNELS
CardServicash;CA.APP;;;;CBK;CARDS
CardsXpaysRemediation;CA.APP;;;;CBK;CARDS
CashMail;CA.APP;;;;CBK;PAYMENTS
CashRequest;CA.APP;;;;CBK;Deposits
CentralCashHandlingUtility;CA.APP;;;;CBK;Payments
ChannelActivityAnalysis;CA.APP;;;;CORP;metrics
ChannelPersonalizationPreview;CA.APP;;;;CBK;ITMANAGEMENT
ChannelTaxonomyDefinition;CA.APP;;;;CBK;CrossChannel
ClaimsManagementLifeInsurance;CA.APP;;;;CBK;OperationalServices
ClaimsManagementLifeInsurance;SRV.MS;;;;CBK;OperationalServices
ClearingFiles;CA.APP;;;;CBK;PAYMENTSACCOUNT
CognitiveActionHub;SRV.BFF;;;;CBK;CognitiveActionHub
CollateralAssetAdministration;SRV.MS;;;;CBK;CollateralAdministration
CommissionInsuranceNonLife;SRV.MS;;;;CBK;commissions
CommonLiterals;CA.APP;;;;CBK;ITManagement
CompanyBillingPayments;SRV.MS;;;;CBK;NonITAndNonHREnterpriseServices
ConciliacionCuentaCentralizada;CA.APP;;;;CBK;financialControl
ConciliacionCuentaCentralizada;SRV.MS;;;;CBK;financialControl
Confirming;SRV.MS;;;;CBK;financiacionfacturasconfirming
ConfluenceOperationServices;SRV.MS;;;;CORP;idea
ConsumerLoan;SRV.MS;;;;CORP;ConsumerLoan
ContactDialogue;SRV.MS;;;;CBK;contactDialogue
ContratacionSeguroNegocio;CA.APP;;;;CBK;sales
CorporateInformation;CA.APP;;;;CBK;BUSINESSANALYSIS
CorporateTreasury;SRV.MS;;;;CBK;CorporateTreasury
Correspondence;CA.APP;;;;CBK;Correspondence
Correspondence;SRV.MS;;;;CBK;Correspondence
CorrespondentBankOperations;SRV.MS;;;;CBK;Payments
CreateNaturalPerson;CA.APP;;;;CBK;PartyLifecycleManagement
CreditAccount;SRV.MS;;;;CBK;creditAccount
CreditCard;SRV.LIB;;;;CBK;CreditCard
CreditCard;SRV.MS;;;;CBK;creditCard
CreditCardList;SRV.MS;;;;CBK;creditCard
CreditCardPositionKeeping;SRV.LIB;;;;CBK;CARDS
CreditCardPositionKeeping;SRV.MS;;;;CBK;CreditCardPositionKeeping
CreditCardTransactionExecution;SRV.MS;;;;CBK;CreditCardTransactionExecution
CreditFacility;CA.APP;;;;CBK;CreditFacility
CreditManagementMicroBank;SRV.MS;;;;CBK;CUSTOMERMANAGEMENT
CreditMarginManag;SRV.MS;;;;CBK;MODELS
CryptoClient;ARQ.LIB;;;;CBK;CRYPTO
CryptoClient;ARQ.MIA;;;;CBK;CRYPTO
CurrencyExchange;SRV.LIB;;;;CBK;currencyExchange
CurrentAccount;SRV.LIB;;;;CBK;LoansDeposits
CurrentAccountOperation;SRV.MS;;;;CBK;accounts
CusBehInsightsDigitalProfile;SRV.MS;;;;CBK;CustomerManagement
CusCampExecLifeInsurance;SRV.MS;;;;CBK;CustomerCampaignExecution
CusCampManagLifeInsurance;SRV.MS;;;;CORP;MARKETING
CusCampaignManagCardDenial;SRV.MS;;;;CBK;customerCampaignManagement
CusProdServices;SRV.MS;;;;CBK;CustomerManagement
CustProServEligibilityDeposits;SRV.MS;;;;CBK;CUSTOMERMANAGEMENT
CustomerAccessCardEntitlement;SRV.MS;;;;CBK;CustomerAccessCardEntitlement
CustomerAccessEntitlement;SRV.MS;;;;CBK;CustomerManagement
CustomerAdvisorAppointment;CA.APP;;;;CBK;echannels
CustomerAgreement;SRV.CFG;;;;CBK;CUSTOMERMANAGEMENT
CustomerAgreementTradeBanking;SRV.MS;;;;CBK;CUSTOMERMANAGEMENT
CustomerBilling;CA.APP;;;;CBK;OperationalServicces
CustomerBilling;SRV.MS;;;;CBK;OperationalServices
CustomerBillingNonLifeInsurance;SRV.MS;;;;CBK;CustomerBilling
CustomerCampaignExecution;SRV.MS;;;;CBK;SALES
CustomerCampaignExecutionLifeInsurance;SRV.MS;;;;CBK;CustomerCampaignExecution
CustomerCampaignManagLifeInsurance;CA.APP;;;;CORP;MARKETING
CustomerCampaignManagement;CA.APP;;;;CBK;BusinessCommandAndControl
CustomerCampaignManagement;SRV.MS;;;;CBK;customerCampaignManagement
CustomerCampaignManagementCCS;SRV.MS;;;;CBK;marketing
CustomerClaimsNonLifeInsurance;SRV.LIB;;;;CBK;OPERATIONALSERVICES
CustomerCreditRating;SRV.MS;;;;CBK;CustomerManagement
CustomerLoan;CA.APP;;;;CBK;Sales
CustomerOfferConsumerFinance;SRV.MS;;;;CBK;CustomerOffer
CustomerPosition;SRV.LIB;;;;CBK;AccountingServices
CustomerPositionLifeInsurance;SRV.MS;;;;CBK;ACCOUNTINGSERVICES
CustomerProductsAndServices;SRV.LIB;;;;CBK;CustomerManagement
CustomerProductsandServicesCBI;SRV.MS;;;;CBK;CUSTOMERMANAGEMENT
CustomerProfileCPC;SRV.MS;;;;CBK;CUSTOMERMANAGEMENT
CustomerProfileRatingScoring;SRV.MS;;;;CBK;CustomerManagement
CustomerProfileSubsidiaries;SRV.MS;;;;CBK;CustomerManagement
CustomerProfileSubsidiariesCPC;SRV.MS;;;;CORP;CUSTOMERMANAGEMENT
CustomerSurveys;CA.WID;;;;CBK;ECHANNELS
CustomerSurveys;SRV.MS;;;;CBK;CustomerSurveys
CustomerSurveysPreview;CA.APP;;;;CBK;ECHANNELS
CustomersPremium;SRV.MS;;;;CBK;CustomersPremium
DDCARD;SRV.DS;;;;CBK;Cards
DDCards;SRV.LIB;;;;CBK;Cards
DDIAPI;SRV.MS;;;;CORP;datapool
DDIBCK;SRV.DS;;;;CORP;datapool
DDISPA;CA.APP;;;;CORP;datapool
DOCSER;SRV.DS;;;;CBK;DocumentManagementAndArchive
DOLICS;SRV.DS;;;;CBK;DocumentManagementAndArchive
DOLIVE;SRV.DS;;;;CBK;DOCUMENTMANAGEMENTANDARCHIVE
DRVDRV;SRV.DS;;;;CBK;CustomerManagement
DSLDSL;SRV.DS;;;;CBK;PAYMENTS
DashBoardTradeFinance;CA.APP;;;;CBK;CORPORATETRADEBANKINGPOSITIONKEEPING
DeferredSignature;SRV.MS;;;;CBK;CrossChannel
DetailFinancingTrade;CA.APP;;;;CBK;ECHANNELS
DeudaTecnicaWidget;CA.WID;;;;CBK;idea
DeveloperPortalRally;CA.APP;;;;CBK;idea
DeveloperPortalTechnicalDebt;CA.APP;;;;CBK;idea
DevelopmentEnvironmentCBI;SRV.MS;;;;CBK;ITMANAGEMENT
DigitalMarketingLanding;CA.APP;;;;CBK;Sales
DigitalMarketingPreview;CA.APP;;;;CBK;customerCampaignManagement
DigitalMarketingProposalCampaigns;CA.WID;;;;CBK;customerCampaignManagement
DigitalMarketingProposalCampaigns;SRV.MS;;;;CBK;customerCampaignManagement
DirectDebit;SRV.MS;;;;CBK;Payments
DirectDebitBills;CA.APP;;;;CBK;PAYMENTS
DirectDebitMandate;SRV.MS;;;;CBK;Payments
DiscretionaryPortfolioManag;SRV.MS;;;;CBK;InvestmentManagement
DiversosClientes;SRV.MS;;;;CBK;Party
DiversosComercial;SRV.MS;;;;CBK;Marketing
DiversosDocEmpresas;SRV.MS;;;;CBK;DocumentServices
DiversosGestionFlujos;SRV.MS;;;;CBK;CrossChannel
DiversosPolizas;SRV.MS;;;;CBK;InsuranceProducts
DiversosSimulaciones;SRV.MS;;;;CORP;Sales
DocumentIaAdministratorTool;CA.APP;;;;CBK;DOCUMENTMANAGEMENTANDARCHIVE
DocumentLibrary;SRV.MS;;;;CBK;DocumentManagementAndArchive
DocumentLibraryCognitiveServices;SRV.MS;;;;CBK;DocumentManagementAndArchive
DocumentLibraryDigitalFile;SRV.MS;;;;CBK;DocumentManagementAndArchive
DocumentLibraryMediaFiles;SRV.MS;;;;CBK;DocumentLibraryMediaFiles
DocumentLibraryVerification;SRV.MS;;;;CBK;DocumentManagementandArchive
DocumentService;SRV.MS;;;;CBK;DocumentManagementAndArchive
DocumentServicesCBI;SRV.MS;;;;CBK;DocumentManagementAndArchive
DocumentServicesConsumerFinance;SRV.MS;;;;CBK;DocumentManagementAndArchive
DocumentaryManagement;CA.APP;;;;CBK;DocumentManagementAndArchive
DocumentaryManagement;SRV.MS;;;;CBK;DOCUMENTMANAGEMENTANDARCHIVE
EBOPLI;SRV.DS;;;;CBK;ChannelSpecific
EBranchManagement;SRV.MS;;;;CBK;eChannels
EBranchManagementPreview;CA.APP;;;;CBK;ebranchmanagement
EBranchOperations;SRV.CFG;;;;CBK;ECHANNELS
EBranchOperationsLifeInsurance;CA.APP;;;;CBK;EBranchOperations
EBranchOperationsTester;SRV.MS;;;;CBK;ECHANNELS
EEREER;SRV.DS;;;;CBK;DocumentManagementAndArchive
EINVOI;SRV.DS;;;;CBK;Payments
EInvoice;CA.APP;;;;CBK;Payments
ELEGIB;SRV.DS;;;;CBK;customerProdAndServEligibility
EMPASE;SRV.DS;;;;CBK;TradeBanking
ERRMGR;SRV.DS;;;;CORP;infraestructuras
ERRMGR;SRV.LIB;;;;CORP;infreaestructuras
ETPETP;SRV.DS;;;;CBK;cardPrinting
EXTSER;SRV.DS;;;;CBK;apps
EligibilityDeposits;SRV.MS;;;;CBK;CUSTOMERMANAGEMENT
EmployeeAccessCBI;SRV.MS;;;;CBK;HUMANRESOURCES
EmployeeContactHandler;SRV.MS;;;;CBK;BRANCHCHANNEL
EmployeePaymentServices;SRV.MS;;;;CBK;TradeBanking
EndorsementsNonLifeInsuance;SRV.MS;;;;CBK;Endorsements
FACINT;SRV.DS;;;;CBK;FinancialControl
FACTOR;SRV.DS;;;;CBK;financiacionfacturasfactoring
FINGAT;SRV.DS;;;;CBK;PAYMENTS
FOFOOP;SRV.DS;;;;CBK;TradeBanking
FRATAR;SRV.DS;;;;CBK;tech
FTPSRV;SRV.DS;;;;CBK;Markets
Factoring;SRV.MS;;;;CBK;TRADEBANKING
FactoringDashboard;CA.APP;;;;CBK;TradeBanking
FeatureToggleRuleManagement;CA.APP;;;;CBK;ITMANAGEMENT
FichaCliente;SRV.MS;;;;CBK;partyReference
FileUpload;CA.WID;;;;CBK;ARCH
FinanInstrumentReferDataManag;CA.APP;;;;CBK;MarketData
FinanInstrumentReferDataManag;SRV.MS;;;;CBK;MarketData
FinancialAccounting;SRV.MS;;;;CBK;RegulationAndCompliance
FinancialAgents;CA.APP;;;;CBK;EXTERNALAGENCY
FinancialGateway;SRV.LIB;;;;CBK;PAYMENTS
FinancialStatements;SRV.MS;;;;CBK;Finance
ForeignCashRequest;CA.APP;;;;CBK;PAYMENTS
Forfaits;CA.APP;;;;CBK;SALES
FraudClaims;CA.APP;;;;CBK;financeAndRiskManagement
FraudClaims;SRV.MS;;;;CBK;financeAndRiskManagement
FraudEvaluation;SRV.MS;;;;CBK;FraudEvaluation
FraudManagement;CA.APP;;;;CBK;ITMANAGEMENT
FraudManagement;SRV.MS;;;;CBK;ITMANAGEMENT
FraudulentTransactionClaims;CA.APP;;;;CBK;ITMANAGEMENT
FunctionalDomainGovernance;CA.APP;;;;CBK;ITManagement
FundsPorfolio;CA.APP;;;;CBK;INVESTMENTMANAGEMENT
FuneralInsuranceNonLife;SRV.MS;;;;CBK;INSURANCEPRODUCTS
GARGAR;SRV.DS;;;;CBK;COLLATERALADMINISTRATION
GBR;SRV.MS;;;;CBK;RatingsScorings
GDDBCK;SRV.DS;;;;CBK;DocumentManagementAndArchive
GDDBOX;SRV.DS;;;;CBK;DocumentManagementAndArchive
GDPBCK;SRV.DS;;;;CBK;REGULATIONCOMPLIANCE
GDPGDP;SRV.DS;;;;CBK;REGULATIONCOMPLIANCE
GDPRRightToObject;CA.APP;;;;CBK;REGULATIONCOMPLIANCE
GDPRightRequests;SRV.MS;;;;CBK;REGULATIONCOMPLIANCE
GEOBKD;SRV.DS;;;;CBK;SERVICING
GERECI;SRV.DS;;;;CBK;cardBillingAndPaymentsBPI
GESCOM;SRV.DS;;;;CBK;customerRelationshipManagement
GIMGIM;SRV.DS;;;;CBK;collections
GIRECI;SRV.DS;;;;CBK;Payments
GLIGLI;SRV.DS;;;;CBK;CreditFacility
GOBPRO;SRV.DS;;;;CBK;RegulationCompliance
GOLDEN;SRV.DS;;;;CBK;goldenrules
GOLDENSUMMIT;CA.APP;;;;CBK;DEMO
GRACOV;SRV.DS;;;;CBK;GrantsAndCovenants
GSAGSA;SRV.DS;;;;CBK;GrantsAndCovenants
GTSBCK;SRV.DS;;;;CBK;insuranceProducts
GUICOM;SRV.DS;;;;CBK;REGULATIONCOMPLIANCE
GUSALI;SRV.DS;;;;CBK;SAVINGS
GdprPortero;SRV.MS;;;;CBK;regulatoryCompliance
GeneralitatTaxes;CA.APP;;;;CBK;CONSUMERSERVICES
GestionDocsOnBoardingPersona;SRV.MS;;;;CBK;PartyReferenceDataDirectory
GlobalPositionCBI;SRV.MS;;;;CBK;CUSTOMERMANAGEMENT
GlobalPositionInternational;CA.APP;;;;CBK;CUSTOMERMANAGEMENT
GrantsCovenants;CA.APP;;;;CBK;GrantsAndCovenants
GuaranteedSavingsLifeInsurance;SRV.MS;;;;CBK;SAVINGS
HUBPAYTS;SRV.MS;;;;CBK;CardNetworkParticipantFacility
HUBPAYVTS;SRV.MS;;;;CBK;CardNetworkParticipantFacility
HWCOMMONS;CA.LAPP;;;;CBK;ECHANNELS
HWListaCuentas;CA.APP;;;;CBK;demos
HireWalletsService;CA.APP;;;;CBK;Deposits
HolderGroup;CA.APP;;;;CBK;InvestmentManagement
HomeInsurance;CA.APP;;;;CBK;INSURANCEPRODUCTS
IANEUT;SRV.MS;;;;CBK;Tech
ICOSustainabilityAnnex;CA.APP;;;;CBK;CREDITPOSITIONKEEPING
IDECUA;SRV.DS;;;;CBK;idea
IDEGAR;SRV.DS;;;;CBK;idea
IDEGPL;CA.WID;;;;CBK;idea
IDEGSA;SRV.DS;;;;CBK;idea
IDEINS;SRV.DS;;;;CBK;idea
IDESIS;CA.APP;;;;CBK;idea
IDESIS;SRV.DS;;;;CBK;idea
IGCIGC;SRV.DS;;;;CBK;BUSINESSANALYSIS
INFCBI;SRV.DS;;;;CBK;ITMANAGEMENT
INFJUR;SRV.DS;;;;CBK;collections
INIPAG;SRV.DS;;;;CBK;paymentInitiation
INPOAD;SRV.DS;;;;CBK;INVESTMENTMANAGEMENT
INTAUD;SRV.DS;;;;CBK;internalAudit
INTAUD;SRV.DS;Questionarios;497;ArchiveAndDocumentManagement;CBK;internalAudit
INTERNET;CA.CNT;;;;CBK;arch
INTRANET;CA.CNT;;;;CBK;arch
ITFRAU;SRV.DS;;;;CBK;ITMANAGEMENT
ITInfraestructureProductsNLI;SRV.LIB;;;;CBK;ITMANAGEMENT
ITMBCC;SRV.DS;;;;CBK;ITMANAGEMENT
ITSSTM;SRV.DS;;;;CBK;ITManagement
ITSecurityAuthorization;ARQ.LIB;;;;CBK;ITMANAGEMENT
ITSecurityFraud;ARQ.MAP;;;;CBK;ITMANAGEMENT
ITSecurityFraud;ARQ.MIA;;;;CBK;ITMANAGEMENT
ITSecurityFraudEvaluation;SRV.MS;;;;CBK;ITMANAGEMENT
ITSecurityOtpAut;ARQ.MIA;;;;CBK;ITMANAGEMENT
ITSecurityProductsNLI;SRV.LIB;;;;CBK;ITMANAGEMENT
ITSecurityStampManager;ARQ.MIA;;;;CBK;ITManagement
InfProvAdminNonLifeInsurance;SRV.MS;;;;CBK;InfProvAdmin
InformationProviderAdmin;SRV.MS;;;;CBK;InformationProviderAdministration
InformationProviderOperation;SRV.MS;;;;CBK;MarketData
InheritanceManagement;CA.APP;;;;CBK;Servicing
InterbankTransfersIntBranches;CA.APP;;;;CBK;PAYMENTS
InternalAudit;CA.APP;;;;CBK;InternalAudit
InternalAudit;CA.APP;Questionarios;497;ArchiveAndDocumentManagement;CBK;InternalAudit
InternationalBatchDashboard;CA.APP;;;;CBK;ITMANAGEMENT
InternationalConfirming;CA.APP;;;;CBK;TRADEBANKING
InternationalContractParticipants;CA.APP;;;;CBK;CUSTOMERMANAGEMENT
InternationalFees;CA.APP;;;;CBK;PRODUCTMANAGEMENT
InvestmentAccount;CA.APP;;;;CBK;InvestmentAccount
InvestmentAccount;SRV.LIB;;;;CBK;InvestmentAccount
InvestmentAccount;SRV.MS;;;;CBK;InvestmentAccount
InvestmentAccountPositionKeeping;SRV.MS;;;;CBK;investmentAccountPositionKeeping
InvestmentExperienceInTest;CA.APP;;;;CBK;REGULATIONCOMPLIANCE
InvestmentPortfolioAdmin;CA.APP;;;;CBK;INVESTMENTMANAGEMENT
InvestmentPortfolioAdmin;SRV.MS;;;;CBK;INVESTMENTMANAGEMENT
InvestmentPortfolioAnalysis;SRV.MS;;;;CBK;InvestmentManagement
InvestmentPortfolioManagement;SRV.MS;;;;CBK;InvestmentManagement
InvestmentPortfolioPlanning;SRV.MS;;;;CBK;INVESTMENTMANAGEMENT
InvestorRelations;CA.APP;;;;CBK;CorporateRelations
InvestorRelations;CA.APP;BackofficePlataformaMetadados;489;PlatformComponents;CBK;CorporateRelations
InvitationManager;CA.APP;;;;CBK;CrossChannel
InvitationManager;CA.WID;;;;CBK;CrossChannel
IssuanceNonLifeInsurance;SRV.MS;;;;CBK;Issuance
ItSecurityIdentityServices;SRV.MS;;;;CBK;ITManagement
JNKMSV;ARQ.MIA;;;;CBK;tool
KYCPER;SRV.DS;;;;CBK;RegulationCompliance
KnowYourCustomerScoring;CA.APP;;;;CBK;REGULATIONCOMPLIANCE
LEENDI;SRV.DS;;;;CBK;LegalEntityDirectory
LGNAPI;SRV.DS;;;;CBK;ITMANAGEMENT
LIFEIN;SRV.DS;;;;CBK;ChannelSpecific
LIMEXP;SRV.DS;;;;CBK;LimitExposureManagement
LITMID;SRV.DS;;;;CBK;idea
LRAREF;SRV.DS;;;;CBK;CorporateRelations
LRAREF;SRV.DS;BackofficePlataformaMetadados;489;PlatformComponents;CBK;CorporateRelations
LeaseSimulator;CA.APP;;;;CBK;Sales
LegalCompliance;SRV.LIB;;;;CBK;legalCompliance
LegalCustomerOnboarding;CA.APP;;;;CBK;Sales
LegalCustomerOnboarding;CA.WID;;;;CBK;SALES
LegalCustomerOnboarding;SRV.MS;;;;CBK;Sales
LegalEntityDirectory;CA.APP;;;;CBK;LegalEntityDirectory
LegalEntityDirectory;SRV.MS;;;;CBK;PARTY
LegalEntityDty;SRV.MS;;;;CBK;PARTY
LegalEntityLoad;CA.APP;;;;CBK;SALES
LegalEntityLoadPreview;CA.APP;;;;CBK;Sales
LifeRiskProductDirectory;CA.APP;;;;CBK;SALES
LimitAndExposureManagement;CA.APP;;;;CBK;TradeBanking
LimitExposureManagement;SRV.MS;;;;CBK;CustomerManagement
ListAccounts;CA.APP;;;;CBK;accounts
Loan;SRV.MS;;;;CBK;Loans
LoanCBI;CA.APP;;;;CBK;LoansDeposits
LoanCBI;SRV.MS;;;;CBK;LoansDeposits
LoanCodeOfGoodPractices;CA.APP;;;;CBK;OperationalServices
LoanContracting;CA.APP;;;;CBK;SALES
LoteryAwardServices;CA.APP;;;;CBK;ConsumerServices
MBRSIM;SRV.DS;;;;CBK;insuranceProducts
MCBCON;SRV.DS;;;;CBK;MARKETOPERATIONS
MCRBKD;SRV.DS;;;;CBK;CUSTOMERMANAGEMENT
MENUMG;SRV.DS;;;;CBK;APPS
MGPERT;SRV.DS;;;;CBK;customerCampaignManagement
MICROSEEMON;SRV.MS;;;;CBK;/monitoring
MIFMIF;SRV.DS;;;;CBK;COMPLIANCE
MKTBCK;SRV.DS;;;;CBK;customerCampaignManagement
MKTCDI;SRV.DS;;;;CBK;OperationalServices
MNowStrategicKPIs;CA.APP;;;;CBK;BUSINESSDIRECTION
MNowStrategicKPIs;CA.APP;SiteBPIVidaPensoes;470;Insurance;CBK;BUSINESSDIRECTION
MONPIE;SRV.DS;;;;CBK;ConsumerServices
MOPGES;SRV.DS;;;;CBK;CreditCardBPI
MOPGTA;SRV.DS;;;;CBK;CreditCardPositionKeeping
MOPGTAGESTION;SRV.MS;;;;CBK;CreditCardPositionKeeping
MOPMCL;SRV.DS;;;;CBK;correspondenceBPI
MOPSAT;SRV.DS;;;;CBK;creditCardBPI
MOPSOL;SRV.DS;;;;CBK;creditCardBPI
MSKRT;SRV.MS;;;;CBK;Security
MUROGE;SRV.DS;;;;CBK;SERVICING
MYPLAN;SRV.DS;;;;CBK;sales
MailCenter;CA.APP;;;;CBK;DOCUMENTMANAGEMENTANDARCHIVE
Mailbox;CA.APP;;;;CBK;apps
ManageableAlerts;CA.APP;;;;CBK;INVESTMENTMANAGEMENT
ManualSecuritiesPositionKeeping;CA.APP;;;;CBK;AccountingServices
MarketOrderExecution;CA.APP;;;;CBK;Marketoperations
MarketOrderExecution;SRV.MS;;;;CBK;WholesaleTrading
MomentsVentajasNoFin;CA.APP;;;;CBK;apps
MonitorPoliticasRiesgo;SRV.MS;;;;CBK;tech
MultiOwnerAccount;CA.APP;;;;CBK;LoansDeposits
MultioptionCertificate;CA.APP;;;;CBK;CONSUMERSERVICES
MuroConMiGestor;CA.APP;;;;CBK;contactDialogue
MyAdvisorWall;CA.APP;;;;CBK;echannels
MyBoxLanding;CA.APP;;;;CBK;insuranceProducts
MyBoxLife;CA.APP;;;;CBK;insuranceProducts
MyBoxLife;SRV.MS;;;;CBK;insuranceProducts
MyBoxRetirementSimulation;SRV.MS;;;;CBK;insuranceProducts
MyPlanningSimulations;CA.APP;;;;CBK;sales
MyPlanningSimulations;SRV.MS;;;;CBK;sales
NACCPC;SRV.DS;;;;CBK;accounting
NCUCBK;SRV.DS;;;;CBK;financialControl
NMENME;SRV.DS;;;;CBK;FinanInstrRefDataManag
NOTIFY;SRV.DS;;;;CBK;PlatformOperations
NOTIFYME;SRV.MS;;;;CBK;PlatformOperations
NPRNPR;SRV.DS;;;;CBK;Loans
NaturalPersonManagement;CA.APP;;;;CBK;SALES
NewInterbankPayment;CA.APP;;;;CBK;CARDOPERATIONS
NonHealthSimulations;CA.APP;;;;CORP;insuranceProducts
NonHealthSimulations;SRV.MS;;;;CORP;insuranceProducts
NotificationManagement;CA.APP;;;;CBK;CROSSCHANNEL
ODNODN;SRV.DS;;;;CBK;GroupTreasury
ONBRDG;SRV.DS;;;;CBK;onboarding
ONGONG;SRV.DS;;;;CBK;NGOManagement
ONLONL;SRV.DS;;;;CBK;ConsumerServices
OPSEMA;SRV.DS;;;;CBK;OPERATIONALSERVICES
OPSUMA;SRV.DS;;;;CBK;OpSustainabilityManag
ORADPT;SRV.DS;;;;CBK;Infraestructuras
OSNBCK;SRV.DS;;;;CBK;ProjectFinance
OTPAUT;SRV.DS;;;;CBK;ITMANAGEMENT
OVIOVI;SRV.DS;;;;CBK;MARKETOPERATIONS
OfficeVisitManagement;CA.APP;;;;CBK;REGULATIONCOMPLIANCE
OnboardingDemo;CA.APP;;;;CBK;onboarding
OnlineContractManagement;CA.APP;;;;CBK;Servicing
OpenArgos;ARQ.MIA;;;;CBK;SecurityAssurance
OpenItemManag;SRV.MS;;;;CBK;OPERATIONALSERVICES
OpenManagement;CA.APP;;;;CBK;ITManagement
OpenRestPreview;CA.APP;;;;CBK;ebranchmanagement
OperacionesPendientesAvisos;CA.APP;;;;CBK;apps
OperationsActivitiesCatalogue;CA.APP;;;;CBK;OPERATIONALSERVICES
OperationsControlsRisks;CA.APP;;;;CBK;OPERATIONALSERVICES
OperationsLog;CA.APP;;;;CBK;ITMANAGEMENT
OrderReceipt;CA.APP;;;;CBK;DirectDebit
PAAUCL;SRV.DS;;;;CBK;PartyAuthentication
PAKACO;SRV.DS;;;;CBK;SALES
PAKSVC;SRV.DS;;;;CBK;SpecialPricingConditions
PALIMA;SRV.DS;;;;CBK;Sales
PARAUT;SRV.DS;;;;CBK;partyAuthentication
PAUBCK;SRV.DS;;;;CBK;solutionDevelopment
PAYINS;SRV.DS;;;;CBK;Payments
PCXALF;SRV.DS;;;;CBK;promocaixaCustomers
PCXCAN;SRV.DS;;;;CBK;SALESANDSERVICES
PCXPCX;SRV.DS;;;;CBK;sales
PEPCLI;SRV.DS;;;;CORP;OperationalServices
PERBOX;SRV.DS;;;;CBK;CustomerManagement
PERFIS;SRV.DS;;;;CBK;OperationalServices
PETBCK;SRV.DS;;;;CBK;petstore
PETSTOREBCK;SRV.MS;;;;CBK;Petstore
PLCBDR;SRV.DS;;;;CBK;salesPlanning
PODBKD;SRV.DS;;;;CBK;HUMANRESOURCES
POLDPL;SRV.DS;;;;CBK;tech
POLRIS;SRV.DS;;;;CBK;tech
PORUPO;SRV.DS;;;;CBK;informationProviders
PRCAEX;SRV.DS;;;;CBK;Sales
PRCMLI;SRV.DS;;;;CBK;OperationalServices
PRDDEF;SRV.DS;;;;CORP;renting
PRDGLI;SRV.DS;;;;CBK;PRODUCTMANAGEMENT
PREPAYMENTCARD;SRV.MS;;;;CBK;TARJETAS
PRODIR;SRV.DS;;;;CBK;SALES
PROFIN;SRV.DS;;;;CBK;TRADEBANKING
PROMAT;SRV.DS;;;;CBK;productMatching
PRPACA;SRV.DS;;;;CBK;Cards
PRSCBP;SRV.DS;;;;CBK;OperationalServices
PTLBCK;SRV.DS;;;;CBK;apps
PTOSRV;SRV.DS;;;;CBK;pointOfService
PUREDM;SRV.DS;;;;CBK;PartyLifecycleManagement
PYPGPR;SRV.DS;;;;CORP;productBrokerAgreement
PYPGPT;SRV.DS;;;;CORP;ProductManagement
PartyAuthenticationBiometrics;SRV.MS;;;;CBK;CrossChannel
PartyAuthenticationHomeBanking;SRV.MS;;;;CBK;CrossChannel
PartyAuthenticationLifeInsurance;SRV.MS;;;;CBK;CROSSCHANNEL
PartyAuthenticationSecurity;SRV.MS;;;;CBK;partyAuthentication
PartyLifecycleManagement;CA.APP;;;;CBK;BranchChannel
PartyLifecycleManagement;SRV.MS;;;;CBK;PartyLifecycleManagement
PartyLifecycleManagementCBI;SRV.MS;;;;CBK;SALES
PartyReferenceDataDirectory;SRV.MS;;;;CBK;PartyReferenceDataDirectory
PartyReferenceDirectoryBackOff;SRV.MS;;;;CBK;OPERATIONALSERVICES
PasswordRecovery;CA.APP;;;;CBK;CrossChannels
PaymentExecution;SRV.MS;;;;CBK;Servicing
PaymentInitiation;SRV.MS;;;;CBK;paymentInitiation
PaymentInstruction;SRV.MS;;;;CBK;Payments
PaymentInstructionInternational;SRV.MS;;;;CBK;PAYMENTS
PaymentOrder;SRV.MS;;;;CBK;PAYMENTS
PenPlanContLI;SRV.MS;;;;CORP;OperationalServices
PensionPlanLifeInsurance;CA.APP;;;;CBK;PensionPlanContributions
PensionPlansLifeInsurance;SRV.MS;;;;CBK;INSURANCEPRODUCTS
PointOfServiceConsumerFinance;SRV.MS;;;;CBK;PointOfService
PoliciesLifeInsurance;CA.APP;;;;CBK;policies
PoliciesLifeInsurance;SRV.MS;;;;CBK;policies
PolicyRenewalNonLifeInsurance;SRV.MS;;;;CBK;POLICYMANAGEMENT
PortalAprovisionamientoDTP;CA.APP;;;;CBK;solutionDevelopment
PortalAprovisionamientoDTP;SRV.MS;;;;CBK;solutionDevelopment
PortalesContenidosMenus;SRV.MS;;;;CBK;apps
PortalesProductos;CA.APP;;;;CBK;apps
PositionKeeping;SRV.MS;;;;CBK;PositionKeeping
PrePaidCard;SRV.MS;;;;CBK;prePaidCard
PricingEngine;CA.APP;;;;CBK;CREDITAPPLICATION
PricingMortgageSimulator;CA.APP;;;;CBK;Sales
PrivateBankingCustomerService;SRV.MS;;;;CBK;PrivateBankingServicing
PrivateBankingCustomers;SRV.MS;;;;CBK;PrivateBankingServicing
ProCombinationLifeInsurance;SRV.MS;;;;CBK;OperationalServices
ProCombinationNonLifeInsurance;SRV.MS;;;;CBK;ProductCombination
ProbandoGAR;ARQ.MIA;;;;CBK;proba
ProcessTracking;CA.WID;;;;CBK;OPERATIONALSERVICES
ProductDesignCBI;SRV.MS;;;;CBK;PRODUCTMANAGEMENT
ProductDirectoryCommercial;SRV.MS;;;;CBK;SALES
ProductPortfolio;SRV.LIB;;;;CBK;BUSINESSANALYSIS
ProductRegulatoryCompliance;CA.APP;;;;CBK;REGULATIONCOMPLIANCE
ProductRegulatoryCompliance;SRV.MS;;;;CBK;RegulationCompliance
ProductionRelease;SRV.MS;;;;CBK;ITManagement
ProjectFinance;CA.APP;;;;CBK;TRADEBANKING
ProjectFinance;SRV.MS;;;;CBK;ProjectFinance
ProviderNetworkMonitoring;CA.APP;;;;CBK;ITMANAGEMENT
PruebaDevelp;CA.ARQ;;;;CBK;PruebaDevelp
PublicReferenceDataManagementCBI;SRV.MS;;;;CBK;MARKETDATA
QUOTEM;SRV.DS;;;;CBK;QuoteManagement
QuoteManagement;CA.APP;;;;CBK;QuoteManagement
QuoteManagement;SRV.MS;;;;CBK;QuoteManagement
RATRAT;SRV.DS;;;;CBK;Recaudaciones
REGCER;SRV.DS;;;;CBK;ConsumerServices
REMBKD;SRV.DS;;;;CBK;SERVICING
RENTIN;SRV.DS;;;;CORP;Renting
RETNOW;SRV.DS;;;;CBK;products
RETRET;SRV.DS;;;;CBK;TradeBanking
RINRIN;SRV.DS;;;;CBK;CONSUMERSERVICES
ROFROF;SRV.DS;;;;CBK;financeAndRiskManagement
RSKMAD;SRV.DS;;;;CBK;risks
Realstatepromotion;SRV.MS;;;;CBK;Realstatepromotion
Realstatepromotions;SRV.MS;;;;CBK;Realstatepromotion
ReceiptsIssuerManagement;CA.APP;;;;CBK;PAYMENTS
RecoveryNonLifeInsurance;SRV.MS;;;;CBK;OperationalServices
RedesignedInTrayService;CA.APP;;;;CBK;DOCUMENTMANAGEMENTANDARCHIVE
RedtrustWSClient;SRV.LIB;;;;CBK;redtrust
RedtrustWSClient;SRV.MS;;;;CBK;redtrust
RegistrationCancellation;CA.APP;;;;CBK;Servicing
RegistrationCancellation;SRV.MS;;;;CBK;Servicing
RegulatoryCompliance;SRV.MS;;;;CBK;RegulationCompliance
RegulatoryComplianceCBI;SRV.MS;;;;CBK;REGULATIONCOMPLIANCE
RegulatoryReporting;CA.APP;;;;CBK;REGULATIONCOMPLIANCE
Renting;SRV.MS;;;;CORP;Renting
RentingAuto;CA.APP;;;;CBK;SALES
RentingEF;SRV.MS;;;;CORP;TRADEBANKING
RentingEquipmentFinance;SRV.MS;;;;CORP;TradeBanking
RequestToPay;CA.APP;;;;CBK;Payments
RequirementToCodeTraceability;SRV.MS;;;;CORP;IDEA
RevolvingCreditFacilities;CA.APP;;;;CBK;LoansDeposits
RiskAccountingClassification;CA.APP;;;;CBK;Regulation
RiskPositionKeeping;SRV.MS;;;;CBK;CREDITPOSITIONKEEPING
SALLOA;SRV.DS;;;;CBK;salaryLoan
SALPLA;SRV.DS;;;;CBK;salesPlanning
SASILI;SRV.DS;;;;CBK;SALES
SCOCRD;CA.APP;;;;CBK;idea
SCOCRD;CA.WID;;;;CBK;idea
SCOCRD;SRV.DS;;;;CBK;idea
SECSEC;SRV.DS;;;;CBK;BusinessCommandAndControl
SEEMON;SRV.DS;;;;CBK;/monitoring
SEOBMA;SRV.DS;;;;CBK;settlementObligationManagement
SERISS;SRV.DS;;;;CBK;Servicing
SERORD;SRV.DS;;;;CBK;Servicing
SGABCK;SRV.DS;;;;CBK;custodiagarantiasdocumentos
SHORTN;SRV.DS;;;;CBK;distribution
SIAPRD;SRV.DS;;;;CBK;Sales
SIAPRQ;SRV.DS;;;;CBK;customerOffer
SIMSIM;SRV.DS;;;;CBK;contactHandler
SINAPS;SRV.DS;;;;CBK;Infraestructuras
SINAPSIS;SRV.MS;;;;CBK;Infraestructuras
SINSIN;SRV.DS;;;;CBK;distribution
SOEBCK;SRV.DS;;;;CBK;CREDITPOSITIONKEEPING
SPAFEV;CA.APP;;;;CBK;fever
SRASRA;SRV.DS;;;;CBK;CREDITAPPLICATION
SSASSA;SRV.DS;;;;CBK;ITManagement
STCSER;SRV.DS;;;;CBK;stc
STDREU;SRV.DS;;;;CORP;STD
STOPGO;SRV.DS;;;;CBK;CrossChannel
STRGFA;SRV.DS;;;;CBK;ITManagement
SUICHE;SRV.DS;;;;CBK;RegulationCompliance
SUSTAI;SRV.DS;;;;CBK;SustainabilityESG
SYSADM;SRV.DS;;;;CBK;systemsAdministration
SYSDEP;SRV.DS;;;;CBK;ITMANAGEMENT
SYSTEM;SRV.DS;;;;CBK;SYSTEMSADMINISTRATION
SalaryLoan;CA.APP;;;;CBK;ConsumerServices
SalaryLoan;SRV.MS;;;;CBK;salaryLoan
SalesCommercialHome;CA.APP;;;;CBK;BranchPortfolio
SalesCommercialReporting;CA.APP;;;;CBK;BusinessAnalysis
SalesNearRealTme;SRV.MS;;;;CBK;salesforce
SavingsSimulationsLifeInsurance;SRV.MS;;;;CBK;SALES
SecuritiesPositionKeeping;SRV.MS;;;;CBK;SecuritiesPositionKeeping
SecurityAssurance;ARQ.LIB;;;;CBK;NONITANDNONHRENTERPRISESERVICES
SecurityAssurance;ARQ.MIA;;;;CBK;NonITAndNonHREnterpriseServices
SegurcaixaInsuranceCatalog;CA.APP;;;;CBK;Catalogos
SegurcaixaInsuranceCatalog;SRV.MS;;;;CBK;Catalogos
SegurosInversionSimContSeguro;CA.APP;;;;CBK;insuranceProducts
SegurosInversionSimContSeguro;SRV.MS;;;;CBK;insuranceProducts
SegurosVidaMyBox;CA.APP;;;;CBK;insuranceProducts
SegurosVidaMyBox;SRV.MS;;;;CBK;insuranceProducts
ServicingActivityAnalysis;SRV.MS;;;;CBK;Infraestructuras
ServicingIssue;CA.APP;;;;CBK;Servicing
ServicingIssue;SRV.MS;;;;CBK;Servicing
ServicingMandate;SRV.MS;;;;CBK;Servicing
ServicingMandateCBI;SRV.MS;;;;CBK;Servicing
ServicingOrder;SRV.MS;;;;CBK;Servicing
ServicingOrderTrade;SRV.MS;;;;CBK;SERVICING
ServicingOrderWills;SRV.MS;;;;CBK;SERVICING
SessionDialogueConsumerFinance;SRV.MS;;;;CBK;SessionDialogue
ShoppiVentajasNoFin;SRV.MS;;;;CBK;apps
SignatureManager;CA.APP;;;;CBK;CrossChannel
SimulationsLifeInsurance;SRV.MS;;;;CBK;Sales
SimulationsManagedSavingLifeInsurance;CA.APP;;;;CBK;Sales
SolicitudTercerosPrescriptores;SRV.MS;;;;CBK;pointOfService
SpecialPricingConditions;SRV.MS;;;;CBK;SpecialPricingConditions
StrongCustomerAuthWhiteList;CA.APP;;;;CBK;CARDS
SuitabilityChecking;SRV.MS;;;;CBK;RegulationCompliance
SupraALFUnificacion;SRV.MS;;;;CBK;PartyReference
Suscriptions;CA.APP;;;;CBK;CARDS
Sustainability;CA.APP;;;;CBK;SalesServices
Sustainability;SRV.MS;;;;CBK;SustainabilityESG
Synchro;CA.APP;;;;CBK;ITMANAGEMENT
SyndicatedProjectFinance;CA.APP;;;;CBK;ProjectFinance
SystemDeployment;SRV.MS;;;;CBK;ITMANAGEMENT
TAOIPK;SRV.DS;;;;CBK;OPERATIONALSERVICES
TARBOX;SRV.DS;;;;CBK;CreditCardPositionKeeping
TARSCA;SRV.DS;;;;CBK;CARDS
TCOTCO;SRV.DS;;;;CBK;cardCase
TCRLUN;SRV.DS;;;;CBK;Cards
TCRTCR;SRV.DS;;;;CBK;Cards
TDITDI;SRV.DS;;;;CBK;PaymentExecution
TECDEB;SRV.DS;;;;CBK;idea
TESTAM;SRV.DS;;;;CBK;ExternalAgency
TEVTEV;SRV.DS;;;;CBK;CentralCashHandling
TFTransactionService;SRV.MS;;;;CORP;ITMANAGEMENT
TFTransactionWeb;CA.APP;;;;CORP;INFRAESTRUCTURESTECNOLOGIQUES
THBPAY;SRV.DS;;;;CBK;CARDS
THPASE;SRV.DS;;;;CBK;SALES
TIRTIR;SRV.DS;;;;CBK;DirectDebit
TLETLE;SRV.DS;;;;CBK;DEPOSITS
TRAAUT;SRV.DS;;;;CBK;TransactionAuthorization
TRAFIN;SRV.DS;;;;CBK;TRADEBANKING
TRAULI;SRV.DS;;;;CORP;CrossChannel
TRAZBK;SRV.DS;;;;CBK;OperationalServices
TRAZSV;SRV.MS;;;;CBK;OperationalServices
TREFVA;SRV.DS;;;;CBK;centralCashHandling
TRFTRF;SRV.DS;;;;CBK;PaymentExecution
TRSBCK;SRV.DS;;;;CBK;Party
TabbedBrowsing;CA.WID;;;;CBK;ITMANAGEMENT
TabbedBrowsingManagement;CA.APP;;;;CBK;ITMANAGEMENT
TaskTray;CA.APP;;;;CBK;BranchChannel
TaxLoan;CA.APP;;;;CBK;CONSUMERSERVICES
TaxObligationInvestPosKeeping;SRV.MS;;;;CBK;OperationalServices
TaxObligationPositionKeeping;SRV.MS;;;;CBK;OPERATIONALSERVICES
Taxation;CA.APP;;;;CBK;REGULATIONCOMPLIANCE
TechnicalDebtWidgets;CA.WID;;;;CBK;IDEA
TemplateViewer;CA.APP;;;;CBK;DOCUMENTMANAGEMENTANDARCHIVE
TestALM;SRV.MS;;;;CBK;idea
TradeConfirmationMatching;SRV.MS;;;;CBK;MARKETOPERATIONS
TradeFinance;SRV.MS;;;;CBK;TRADEBANKING
TradeFinanceAVE;SRV.MS;;;;CBK;TradeFinance
TransMngtNonLifeInsurance;SRV.LIB;;;;CBK;TransactionManagement
TransactionAuthorization;CA.WID;;;;CBK;TransactionAuthorization
TransactionAuthorization;SRV.MS;;;;CBK;CrossChannel
TransactionAuthorizationPreview;CA.APP;;;;CBK;TransactionAuthorizationPreview
TransactionAuthorizationSecurity;SRV.MS;;;;CBK;CrossChannel
TranslationsManagement;CA.APP;;;;CBK;ITMANAGEMENT
Translator;CA.APP;;;;CBK;DOCUMENTMANAGEMENTANDARCHIVE
TrazabilidadOperaciones;SRV.MS;;;;CBK;OperationalServices
USCAOP;SRV.DS;;;;CBK;ITMANAGEMENT
Underwriting;SRV.MS;;;;CBK;SALES
UnderwritingNonLifeInsurance;CA.APP;;;;CBK;Underwriting
UnderwritingNonLifeInsurance;SRV.MS;;;;CBK;Underwriting
UseCasesManagement;CA.APP;;;;CBK;ITMANAGEMENT
UtilsLibraryOF;CA.LAPP;;;;CBK;ebranchmanagement
VALBCK;SRV.DS;;;;CBK;InvestmentAccount
VALDB2;SRV.DS;;;;CBK;InvestmentAccount
VIRACC;SRV.DS;;;;CBK;LoansDeposits
VMCAdmin;CA.APP;;;;CORP;arquitectura
VMCCNF;SRV.DS;;;;CORP;VMCorp
VMCHeader;CA.APP;;;;CORP;arquitectura
VidacaixaInsuranceCatalog;CA.APP;;;;CBK;Catalogos
VidacaixaInsuranceCatalog;SRV.MS;;;;CBK;Catalogos
VirtualAccount;SRV.MS;;;;CBK;LoansDeposits
WIVAI;CA.APP;;;;CBK;SALESANDSERVICES
WIVAI;SRV.LIB;;;;CBK;salesAndServices
WIVAI;SRV.MS;;;;CBK;SALESANDSERVICES
WIVAIBO;CA.APP;;;;CBK;SALESANDSERVICES
WIVAIBackoffice;CA.APP;;;;CBK;PRODUCTS
WIVAICUSTOMER;SRV.MS;;;;CBK;CUSTOMERS
WIVAIFASTDATA;SRV.MS;;;;CBK;PRODUCTS
WIVAIMobility;CA.APP;;;;CBK;ECHANNELS
WIVAIPRODUCTS;SRV.MS;;;;CBK;PRODUCTS
WIVAISALES;SRV.MS;;;;CBK;SALES
WivaiSelectplace;CA.APP;;;;CBK;ECHANNELS
WorkCenterQuery;SRV.LIB;;;;CBK;BuildingsAndEquipment
WriteOffsNonLifeInsurance;CA.APP;;;;CBK;WriteOffs
WriteOffsNonLifeInsurance;SRV.MS;;;;CBK;Writeoffs
a2connector;ARQ.LIB;;;;CBK;backend/absis2
a2connector;ARQ.MIA;;;;CBK;backend/absis2
absis2flow;ARQ.LIB;;;;CBK;backend/absis2
absis3core;ARQ.CFG;;;;CBK;core
absis3core;ARQ.LIB;;;;CBK;core
absis3externalbom;ARQ.LIB;;;;CBK;arch/core
absisCli;CA.ARQ;;;;CBK;tools
absisComponents;CA.ARQ;;;;CBK;components
absisConfigurationRepo;CA.ARQ;;;;CBK;core
absisDependency;CA.ARQ;;;;CBK;core
absisModules;CA.ARQ;;;;CBK;core
absisReactESMSandbox;CA.ARQ;;;;CBK;tools
absisWidgetDep;CA.ARQ;;;;CBK;components
absisWidgets;CA.ARQ;;;;CBK;components
absisclo;ARQ.LIB;;;;CBK;monitors/clo
absisinitializr;ARQ.MIA;;;;CBK;tool
administrativeDefault;CA.APP;;;;CBK;COLLATERALADMINISTRATION
adsclient;SRV.LIB;;;;CBK;backend/ads
adsconnector;ARQ.LIB;;;;CBK;backend/ads
adsconnector;ARQ.MIA;;;;CBK;backend/ads
adstransaction;ARQ.LIB;;;;CBK;backend/ads
almlogcollector;ARQ.MIA;;;;CBK;tool
analisisRiesgo;SRV.MS;;;;CBK;creditMarginManagement
apigateway;ARQ.MIA;;;;CBK;core
appConfiguration;SRV.CFG;;;;CBK;partyAuthentication
applibprova;CA.LAPP;;;;CBK;demos
apponboarding;CA.APP;;;;CBK;infraestructuras_globales-arquitectura_tecnica/arquitectura_de_canal
apponboarding;SRV.MS;;;;CBK;onboarding
approvals;CA.WID;;;;CBK;security/approvals
approvalsOfi;CA.WID;;;;CBK;security
approvalsVcx;CA.WID;;;;CBK;security
arqVerificaIdent;CA.APP;;;;CORP;partyAuthentication
arqdb2;SRV.DS;;;;CBK;demo
arqdop;ARQ.MAP;;;;CBK;compensation
arqdop;SRV.DS;;;;CORP;infraestructuras
arqjdb;SRV.DS;;;;CBK;demo
arqpru;SRV.DS;;;;CBK;demo
arqrun;SRV.DS;;;;CBK;demo
arqsharedsql;SRV.LIB;;;;CBK;demo
arqsql;SRV.DS;;;;CBK;demo
atmOperationsManagement;SRV.MS;;;;CBK;channelSpecific
autApprovalsDemo;SRV.MS;;;;CBK;tech
autDemo;SRV.MS;;;;CBK;tech
autNow;CA.WID;;;;CBK;TransactionAuthorization
auth;ARQ.MAP;;;;CBK;security/authorization
bsalab;SRV.MS;;;;CBK;ITManagement
businesslogs;ARQ.LIB;;;;CBK;ITMANAGEMENT
busquedaClientes;CA.WID;;;;CBK;TF71
ca3msv;SRV.DS;;;;CBK;gobiernoabsis3
ca3spa;SRV.DS;;;;CBK;gobiernoabsis3
calculoTaeNovacionesIco;SRV.MS;;;;CBK;loansAndDeposits
canalAppCognitive;CA.APP;;;;CBK;ServicingActivityAnalysis
cardAuthentication;SRV.MS;;;;CBK;partyAuthentication
cardAuthorization;SRV.MS;;;;CBK;cardAuthorization
cardAuthorizationBPI;SRV.MS;;;;CBK;cards
cardAuthorizationBlackList;CA.APP;;;;CBK;cardAuthorization
cardAuthorizationBlackList;SRV.MS;;;;CBK;Cards
cardCollectionsBPI;SRV.MS;;;;CORP;TARJETASYCOMERCIOS
cardsBillingsAndPayments;SRV.MS;;;;CORP;Cards
cardsPrePaymentCard;SRV.MS;;;;CBK;prePaymentCard
catmsv;ARQ.MIA;;;;CBK;tool
centralCashHandling;SRV.MS;;;;CBK;Payments
centralCashHandlingCurrency;SRV.MS;;;;CBK;Payments
cgsconnector;ARQ.LIB;;;;CBK;backend/cgs
cgsconnector;ARQ.MIA;;;;CBK;backend/cgs
cgsoperation;ARQ.LIB;;;;CBK;backend/cgs
cloarq;ARQ.CFG;;;;CBK;monitors/clo
cloarq;ARQ.MAP;;;;CBK;monitors/clo
cloarq;ARQ.MIA;;;;CBK;monitors/clo
cloauthrole;SRV.MS;;;;CBK;tech
cof;CA.CNT;;;;CBK;oficina
collectionsDefault;SRV.MS;;;;CBK;collections
comerc;SRV.DS;;;;CBK;channelSpecific
commonProcess;CA.APP;;;;CBK;arch
compensation;ARQ.MIA;;;;CBK;compensation
configserver;ARQ.MIA;;;;CBK;core
connectionhub;CA.APP;;;;CBK;Sales
contactHandler;SRV.MS;;;;CBK;contactHandler
containerconfig;ARQ.MIA;;;;CBK;tool
contractserver;ARQ.MIA;;;;CBK;tool
contributionModels;CA.APP;;;;CBK;Models
contributionModels;SRV.MS;;;;CBK;contributionModels
creditCardBPI;SRV.MS;;;;CBK;creditCardBPI
creditCardTransactionExecutioBPI;SRV.MS;;;;CBK;creditCardTransactionExecutioBPI
creditCardTransactionExecutionBPI;SRV.MS;;;;CBK;creditCardTransactionExecutionBP
creditManagement;SRV.MS;;;;CBK;CREDITAPPLICATION
creditMarginManagement;SRV.CFG;;;;CBK;creditMarginManagement
creditMarginManagement;SRV.LIB;;;;CBK;creditMarginManagement
creditMarginManagement;SRV.MS;;;;CBK;creditMarginManagement
creditMarginManagementCommon;SRV.LIB;;;;CBK;creditMarginManagement
currencyexchange;SRV.MS;;;;CBK;currencyExchange
currentAccount;SRV.MS;;;;CBK;accounts
customerBehavioralInsights;SRV.LIB;;;;CBK;customerBehavioralInsights
customerBehavioralInsights;SRV.MS;;;;CBK;customerBehavioralInsights
customerBillingCommissions;SRV.MS;;;;CBK;OPERATIONALSERVICES
customerOffer;SRV.CFG;;;;CBK;SALES
customerOffer;SRV.LIB;;;;CBK;SALES
customerOffer;SRV.MS;;;;CBK;customerOffer
customerOfferBPI;SRV.MS;;;;CBK;sales
customerOfferCommon;SRV.LIB;;;;CBK;SALES
customerOfferDeposits;SRV.MS;;;;CBK;SALES
customerOfferSalaryLoan;SRV.MS;;;;CBK;customerOffer
customerPosition;SRV.MS;;;;CBK;AccountingServices
customerProdAndServEligibility;SRV.MS;;;;CBK;customerProdAndServEligibility
customerProductsAndServices;SRV.MS;;;;CBK;customerProductsAndServices
customerProductsAndServicesBPI;SRV.MS;;;;CBK;customerProductsAndServicesBPI
customerProfile;SRV.MS;;;;CBK;CustomerManagement
customerRelationshipManagement;SRV.MS;;;;CBK;customerRelationshipManagement
dalionProxySandbox;SRV.MS;;;;CBK;customerAccessEntitlement
dataprotect;ARQ.MAP;;;;CBK;security/data
dec;ARQ.MAP;;;;CBK;audit/dec
dec;ARQ.MIA;;;;CBK;audit/dec
deccompensation;ARQ.MAP;;;;CBK;audit/dec
deccompensation;ARQ.MIA;;;;CBK;audit/dec
decmanagement;SRV.MS;;;;CBK;audit
deferredSignature;CA.APP;;;;CBK;eChannels
demoConnectA2;SRV.MS;;;;CBK;demoArquitectura
demoarqalm;SRV.MS;;;;CBK;demoALM
demoarqalmconf;SRV.CFG;;;;CBK;demoALM
demoarqalmlib;SRV.LIB;;;;CBK;demoALM
demoarqalmplugin;ARQ.MAP;;;;CBK;demoALM
demoarqbff;SRV.BFF;;;;CBK;demoArquitectura
demoarqcbk;SRV.MS;;;;CBK;demoArquitectura
demoreadonly;ARQ.LIB;;;;CBK;demo
demosimca;SRV.MS;;;;CBK;demoArquitectura
dev;CA.CNT;;;;CBK;arch
developerportal;CA.CNT;;;;CBK;idea
devicebusBridge;CA.ARQ;;;;CBK;core
devopenfront;CA.APP;;;;CBK;arch
digitization;ARQ.LIB;;;;CBK;connector/digitization
digitization;ARQ.MIA;;;;CBK;connector/digitization
discretionaryPortfolioAdministra;SRV.MS;;;;CBK;InvestmentManagement
documentService;CA.ARQ;;;;CBK;core
dpPipelinesManagement;CA.APP;;;;CBK;ITManagement
dpappmenu;CA.APP;;;;CBK;idea
dpdashboard;CA.APP;;;;CBK;idea
dpentidades;CA.APP;;;;CBK;idea
dprally;CA.WID;;;;CBK;idea
dptools;CA.APP;;;;CBK;idea
dptopbar;CA.APP;;;;CBK;idea
dynamicConfigArqMobile;SRV.MS;;;;CBK;openMobile
envioAvisosCitaPreviaNrt;SRV.MS;;;;CBK;crossChannel
errormanagement;ARQ.MAP;;;;CBK;errormanagement
errormanagement;ARQ.MIA;;;;CBK;errormanagement
eslintConfig;CA.ARQ;;;;CBK;core
eventcontextmodifier;ARQ.LIB;;;;CBK;core
fichaClientePosiciones;SRV.MS;;;;CBK;customerPosition
fraudDiagnosis;SRV.MS;;;;CBK;fraudDiagnosis
fundTransfPric;SRV.MS;;;;CBK;Markets
gestionNrcAeat;SRV.MS;;;;CBK;accountingServices
hostchannelconv;ARQ.MAP;;;;CBK;common
idecua;SRV.MS;;;;CBK;idea
imagin;CA.CNT;;;;CBK;now
issuedCardsAdministration;SRV.MS;;;;CBK;CardOperations
jenkinsSharedLib;ARQ.LIB;;;;CBK;jenkinslibraries
leasingSimulator;CA.APP;;;;CBK;leasing/simulations
leasingSimulator;CA.ARQ;;;;CBK;leasing/simulations
mailsender;ARQ.CFG;;;;CBK;connector/mail
mailsender;ARQ.LIB;;;;CBK;connector/mail
merchantAcquiringFacility;SRV.MS;;;;CBK;merchantAcquiringFacility
minimalheader;CA.APP;;;;CBK;arch
mobile;CA.CNT;;;;CBK;now
monclo;ARQ.MAP;;;;CBK;monclo
monclo;SRV.DS;;;;CBK;monclo
monitoring;ARQ.MAP;;;;CBK;monitoring
monitoring;ARQ.MIA;;;;CBK;monitoring
monteDePiedad;CA.APP;;;;CBK;ConsumerServices
monteDePiedad;SRV.MS;;;;CBK;ConsumerServices
muroconmigestor;SRV.MS;;;;CBK;SERVICING
myboxcare;CA.APP;;;;CBK;insuranceProducts
now;CA.CNT;;;;CBK;now
nownc;CA.CNT;;;;CBK;ITMANAGEMENT
openItemManagement;SRV.MS;;;;CBK;openItemManagement
opfconfig;CA.APP;;;;CBK;arch
partyAuthentication;SRV.CFG;;;;CBK;partyAuthentication
partyAuthentication;SRV.MS;;;;CBK;partyAuthentication
pluginconfig;ARQ.CFG;;;;CBK;core/servicemanager
portalAbsis3;CA.ARQ;;;;CBK;doc
prdMch;SRV.DS;;;;CBK;productMatching
prePaymentCardDistributors;SRV.MS;;;;CBK;PrePaymentCard
prePaymentCardExecDistributors;SRV.MS;;;;CBK;PrePaymentCardTransactionExecuti
prePaymentCardExecutionDistributors;SRV.MS;;;;CBK;PrePaymentCardTransactionExecuti
productDirectory;SRV.MS;;;;CBK;Sales
productDirectoryCommon;ARQ.LIB;;;;CBK;Sales
productDirectoryCommon;SRV.LIB;;;;CBK;Sales
productMatching;SRV.MS;;;;CBK;productMatching
promotionalEvents;SRV.MS;;;;CBK;promotionalEvents
qualitySurveys;CA.APP;;;;CBK;CustomerSurveys
rallyOperationServices;SRV.MS;;;;CORP;IDEA
realEstatePromotions;SRV.MS;;;;CBK;realEstatePromotions
risksManAdjust;CA.APP;;;;CBK;risks
risksManAdjust;SRV.MS;;;;CBK;risks
sampleA3Integration;SRV.MS;;;;CBK;demoArquitectura
sca;ARQ.MAP;;;;CBK;security/sca
sca;ARQ.MIA;;;;CBK;security/sca
sca;CA.WID;;;;CBK;security
scaapi;SRV.DS;;;;CBK;apps
scamessage;CA.WID;;;;CBK;security
searchCNAE;CA.WID;;;;CBK;Party
searchCNAEPreview;CA.APP;;;;CBK;PARTY
searchPeople;CA.WID;;;;CBK;PARTY
seconnector;ARQ.LIB;;;;CBK;backend/ase
seconnector;ARQ.MIA;;;;CBK;backend/ase
seconnectorhlp;ARQ.LIB;;;;CORP;backend/ase
seemon;CA.APP;;;;CBK;/monitoring
seeyourmonitoring;CA.APP;;;;CBK;ITManagement
servicemanager;ARQ.MIA;;;;CBK;core
showcase;CA.APP;;;;CBK;arch
showcasecommons;CA.LAPP;;;;CBK;ARCHITECTURE
simpleconfig;ARQ.CFG;;;;CBK;demo
smconfig;ARQ.CFG;;;;CBK;core/servicemanager
smconfig;ARQ.LIB;;;;CBK;core/servicemanager
sonarjavarules;ARQ.LIB;;;;CORP;tool
spaabsis3;CA.ARQ;;;;CBK;tools
stackvalidator;ARQ.MAP;;;;CBK;common
standardreusablefunctions;SRV.CFG;;;;CBK;tech
standardreusablefunctions;SRV.LIB;;;;CBK;tech
standardreusablefunctions;SRV.MS;;;;CBK;tech
statusapp;CA.APP;;;;CBK;arch
tagascompensable;ARQ.MAP;;;;CBK;common
tandemconnector;ARQ.LIB;;;;CBK;backend/tandem
tandemconnector;ARQ.MIA;;;;CBK;backend/tandem
tandemtransaction;ARQ.LIB;;;;CBK;backend/tandem
tauxconnector;ARQ.LIB;;;;CBK;backend/connectors
tauxconnector;ARQ.MIA;;;;CBK;backend/connectors
tauxexternalapi;ARQ.MIA;;;;CBK;backend/connectors
tokenizer;CA.APP;;;;CBK;ITManagement
transporteEfectivoValores;SRV.MS;;;;CBK;centralCashHandling
utilitiesJuridicas;SRV.LIB;;;;CBK;SRVLIBlegalCompliance
widgetOutputSPAPlugin;CA.ARQ;;;;CBK;core
